{
  "project_info": {
    "project_number": "429255438177",
    "project_id": "apartment-management-74846",
    "storage_bucket": "apartment-management-74846.appspot.com"
  },
  "client": [
    {
      "client_info": {
        "mobilesdk_app_id": "1:429255438177:android:e34a904d431528f3969f20",
        "android_client_info": {
          "package_name": "kartuminfotech.amazingstar"
        }
      },
      "oauth_client": [
        {
          "client_id": "429255438177-gsse4fknbfkd2l5s1q3tkkt92tcu85i2.apps.googleusercontent.com",
          "client_type": 3
        }
      ],
      "api_key": [
        {
          "current_key": "AIzaSyBwVtWvP3PG8ORmjH8Ha1Jphzos_JiMurg"
        }
      ],
      "services": {
        "appinvite_service": {
          "other_platform_oauth_client": [
            {
              "client_id": "429255438177-gsse4fknbfkd2l5s1q3tkkt92tcu85i2.apps.googleusercontent.com",
              "client_type": 3
            }
          ]
        }
      }
    }
  ],
  "configuration_version": "1"
}